[
    {
        "id": 15761,
        "name": "Đặc khu Cô Tô"
    },
    {
        "id": 15760,
        "name": "Phường Phong Cốc"
    },
    {
        "id": 15759,
        "name": "Phường Liên Hòa"
    },
    {
        "id": 15758,
        "name": "Phường Hà An"
    },
    {
        "id": 15757,
        "name": "Phường Hiệp Hòa"
    },
    {
        "id": 15756,
        "name": "Phường Đông Mai"
    },
    {
        "id": 15755,
        "name": "Phường Quảng Yên"
    },
    {
        "id": 15754,
        "name": "Phường Hoàng Quế"
    },
    {
        "id": 15753,
        "name": "Phường Đông Triều"
    },
    {
        "id": 15752,
        "name": "Phường An Sinh"
    },
    {
        "id": 15751,
        "name": "Phường Bình Khê"
    },
    {
        "id": 15750,
        "name": "Phường Mạo Khê"
    },
    {
        "id": 15749,
        "name": "Xã Thống Nhất"
    },
    {
        "id": 15748,
        "name": "Xã Quảng La"
    },
    {
        "id": 15747,
        "name": "Phường Hoành Bồ"
    },
    {
        "id": 15746,
        "name": "Đặc khu Vân Đồn"
    },
    {
        "id": 15745,
        "name": "Xã Lương Minh"
    },
    {
        "id": 15744,
        "name": "Xã Kỳ Thượng"
    },
    {
        "id": 15743,
        "name": "Xã Ba Chẽ"
    },
    {
        "id": 15742,
        "name": "Xã Cái Chiên"
    },
    {
        "id": 15741,
        "name": "Xã Đường Hoa"
    },
    {
        "id": 15740,
        "name": "Xã Quảng Đức"
    },
    {
        "id": 15739,
        "name": "Xã Quảng Hà"
    },
    {
        "id": 15738,
        "name": "Xã Quảng Tân"
    },
    {
        "id": 15737,
        "name": "Xã Đầm Hà"
    },
    {
        "id": 15736,
        "name": "Xã Hải Lạng"
    },
    {
        "id": 15735,
        "name": "Xã Đông Ngũ"
    },
    {
        "id": 15734,
        "name": "Xã Điền Xá"
    },
    {
        "id": 15733,
        "name": "Xã Tiên Yên"
    },
    {
        "id": 15732,
        "name": "Xã Lục Hồn"
    },
    {
        "id": 15731,
        "name": "Xã Hoành Mô"
    },
    {
        "id": 15730,
        "name": "Xã Bình Liêu"
    },
    {
        "id": 15729,
        "name": "Phường Yên Tử"
    },
    {
        "id": 15728,
        "name": "Phường Vàng Danh"
    },
    {
        "id": 15727,
        "name": "Phường Uông Bí"
    },
    {
        "id": 15726,
        "name": "Xã Hải Hòa"
    },
    {
        "id": 15725,
        "name": "Phường Cẩm Phả"
    },
    {
        "id": 15724,
        "name": "Phường Cửa Ông"
    },
    {
        "id": 15723,
        "name": "Phường Quang Hanh"
    },
    {
        "id": 15722,
        "name": "Phường Mông Dương"
    },
    {
        "id": 15721,
        "name": "Xã Vĩnh Thực"
    },
    {
        "id": 15720,
        "name": "Phường Móng Cái 3"
    },
    {
        "id": 15719,
        "name": "Xã Hải Ninh"
    },
    {
        "id": 15718,
        "name": "Xã Hải Sơn"
    },
    {
        "id": 15717,
        "name": "Phường Móng Cái 1"
    },
    {
        "id": 15716,
        "name": "Phường Móng Cái 2"
    },
    {
        "id": 15715,
        "name": "Phường Tuần Châu"
    },
    {
        "id": 15714,
        "name": "Phường Hạ Long"
    },
    {
        "id": 15713,
        "name": "Phường Hồng Gai"
    },
    {
        "id": 15712,
        "name": "Phường Hà Lầm"
    },
    {
        "id": 15711,
        "name": "Phường Bãi Cháy"
    },
    {
        "id": 15710,
        "name": "Phường Việt Hưng"
    },
    {
        "id": 15709,
        "name": "Phường Cao Xanh"
    },
    {
        "id": 15708,
        "name": "Phường Hà Tu"
    }
]